region, city_town, egm_numbers_as_at_31_december_2018, lga_name, expenditure_1_jul_18_31_dec_18, venue_name, ven_type, postcode, long, objectid, lat
"Metro","EAST BRUNSWICK",55,"City of Moreland",1208422,"ABRUZZO CLUB","Club",3057,144.9723969,1,-37.766
"Metro","KEYSBOROUGH",77,"City of Greater Dandenong",1892847,"ACES SPORTING CLUB","Club",3173,145.1419983,2,-38.0098
"Metro","NORTHCOTE",50,"City of Darebin",2908972,"ALBION CHARLES HOTEL","Hotel",3070,144.9904022,4,-37.7771
"Metro","DANDENONG",24,"City of Greater Dandenong",1289415,"ALBION HOTEL","Hotel",3175,145.213501,5,-37.9859
"Country","HAMILTON",35,"Shire of Southern Grampians",1244982,"ALEXANDRA HOUSE SPORTS CLUB","Club",3300,142.0231934,7,-37.7398
"Country","BENDIGO",100,"City of Greater Bendigo",5842414,"ALL SEASONS INTERNATIONAL HOTEL BENDIGO","Hotel",3550,144.3115997,8,-36.7583
"Metro","ALTONA",37,"City of Hobsons Bay",1033804,"ALTONA BOWLING CLUB","Club",3018,144.8325043,11,-37.8642
"Metro","ALTONA",58,"City of Hobsons Bay",1842014,"ALTONA RSL","Club",3018,144.8287964,14,-37.8675
"Metro","SEAHOLME",83,"City of Hobsons Bay",2412211,"ALTONA SPORTS CLUB","Club",3018,144.8493042,15,-37.8641
"Country","Echuca",42,"Shire of Campaspe",654761,"AMERICAN HOTEL","Hotel",3564,144.7480927,17,-36.1241
"Metro","CRANBOURNE",80,"City of Casey",3489193,"AMSTEL GOLF CLUB","Club",3977,145.2579956,18,-38.1112
"Metro","MALVERN",0,"City of Stonnington",1050233,"ANGEL TAVERN","Hotel",3144,145.0278931,19,-37.8659
"Metro","MALVERN",45,"City of Stonnington",811294,"ANGEL TAVERN","Hotel",3144,145.0278931,19,-37.8659
"Country","ANGLESEA",34,"Shire of Surf Coast",350220,"ANGLESEA GOLF CLUB","Club",3230,144.1705933,21,-38.406
"Country","ARARAT",55,"Rural City of Ararat",2021031,"ARARAT RSL","Club",3377,142.9337006,24,-37.283
"Metro","BRAYBROOK",50,"City of Maribyrnong",5068838,"ASHLEY HOTEL","Hotel",3019,144.8647003,27,-37.7802
"Country","COLAC",23,"Shire of Colac-Otway",1094979,"AUSTRAL HOTEL","Hotel",3250,143.5845947,31,-38.3395
"Country","BELL PARK",30,"City of Greater Geelong",1942489,"AUSTRALIAN CROATIAN NATIONAL HALL","Club",3215,144.3419952,33,-38.1109
"Country","BACCHUS MARSH",30,"Shire of Moorabool",542324,"BACCHUS MARSH GOLF CLUB","Club",3340,144.427002,34,-37.6396
"Country","BAIRNSDALE",26,"Shire of East Gippsland",957079,"BAIRNSDALE BOWLS CLUB","Club",3875,147.6199951,36,-37.824
"Country","BAIRNSDALE",15,"Shire of East Gippsland",500439,"BAIRNSDALE CLUB","Club",3875,147.6302948,37,-37.8244
"Country","BAIRNSDALE",51,"Shire of East Gippsland",2543402,"BAIRNSDALE RSL","Club",3875,147.6105957,38,-37.8322
"Country","BAIRNSDALE",37,"Shire of East Gippsland",1518507,"BAIRNSDALE SPORTING AND CONVENTION CENTRE","Club",3875,147.6472015,39,-37.8093
"Metro","ABBOTSFORD",32,"City of Yarra",2369765,"BAKERS ARMS HOTEL","Hotel",3067,144.996994,40,-37.8099
"Metro","BALACLAVA",45,"City of Port Phillip",3347763,"BALACLAVA HOTEL","Hotel",3183,144.9909973,41,-37.8687
"Country","BALLARAT",50,"City of Ballarat",2754929,"BALLARAT & DISTRICT TROTTING CLUB","Club",3350,143.8311005,43,-37.5781
"Country","BALLARAT",28,"City of Ballarat",1121761,"BALLARAT GOLF CLUB","Club",3350,143.8058014,44,-37.5481
"Country","BALLARAT",54,"City of Ballarat",1727856,"BALLARAT LEAGUES CLUB","Club",3350,143.866806,45,-37.5603
"Metro","MELBOURNE",22,"City of Melbourne",1369604,"BATMAN'S HILL ON COLLINS","Hotel",3000,144.9546051,53,-37.8192
"Metro","BAXTER",0,"Shire of Mornington Peninsula",390134,"BAXTER TAVERN HOTEL MOTEL","Hotel",3911,145.1607971,54,-38.196
"Metro","BAXTER",45,"Shire of Mornington Peninsula",2083078,"BAXTER TAVERN HOTEL MOTEL","Hotel",3911,145.1607971,54,-38.196
"Metro","BAYSWATER",80,"City of Knox",4766739,"BAYSWATER HOTEL","Hotel",3153,145.2680054,55,-37.8409
"Country","HAMLYN HEIGHTS",28,"City of Greater Geelong",376923,"BELL PARK SPORT & RECREATION CLUB","Club",3215,144.3318024,56,-38.1232
"Metro","SOUTH MELBOURNE",40,"City of Port Phillip",1801271,"BELL'S HOTEL","Hotel",3205,144.9626007,57,-37.8309
"Country","BENALLA",50,"Rural City of Benalla",1198597,"BENALLA BOWLS CLUB","Club",3672,145.9759979,59,-36.5525
"Country","BENALLA",25,"Rural City of Benalla",462265,"BENALLA GOLF CLUB","Club",3672,145.957901,60,-36.5721
"Country","BENDIGO",93,"City of Greater Bendigo",4074655,"BENDIGO DISTRICT RSL CLUB","Club",3550,144.2682953,61,-36.7392
"Country","GOLDEN SQUARE",105,"City of Greater Bendigo",3475199,"BENDIGO STADIUM","Club",3555,144.2478027,62,-36.7586
"Metro","BENTLEIGH",88,"City of Glen Eira",1478429,"BENTLEIGH CLUB","Club",3204,145.0272064,64,-37.9132
"Metro","BENTLEIGH",90,"City of Glen Eira",4160281,"BENTLEIGH RSL","Club",3204,145.0424957,65,-37.9191
"Metro","BERWICK",63,"City of Casey",5149886,"BERWICK INN TAVERNER","Hotel",3806,145.3450928,67,-38.0305
"Metro","BERWICK",105,"City of Casey",10335184,"BERWICK SPRINGS HOTEL","Hotel",3806,145.337204,68,-38.0588
"Country","WODONGA",30,"Rural City of Wodonga",886535,"BIRALLEE TAVERN","Hotel",3690,146.8656006,71,-36.1273
"Metro","BLACKBURN",66,"City of Whitehorse",4078312,"BLACKBURN HOTEL","Hotel",3130,145.1517029,73,-37.8169
"Country","WODONGA",25,"Rural City of Wodonga",663402,"BLAZING STUMP HOTEL","Hotel",3690,146.9122925,74,-36.1395
"Country","WENDOUREE",40,"City of Ballarat",3042652,"BLUE BELL HOTEL","Hotel",3355,143.8294983,75,-37.5396
"Metro","BENTLEIGH EAST",70,"City of Glen Eira",4853680,"BOUNDARY TAVERNER","Hotel",3165,145.058197,80,-37.9212
"Metro","MELBOURNE",100,"City of Melbourne",8330640,"BOURKE HILL'S WELCOME STRANGER","Hotel",3000,144.9691925,81,-37.812
"Metro","BOX HILL",39,"City of Whitehorse",1653322,"BOX HILL GOLF CLUB","Club",3128,145.121994,84,-37.8397
"Metro","BOX HILL",103,"City of Whitehorse",4598098,"BOX HILL RSL","Club",3128,145.1201935,85,-37.8154
"Metro","BRAYBROOK",45,"City of Maribyrnong",3825751,"BRAYBROOK HOTEL","Hotel",3019,144.8484039,87,-37.7797
"Metro","MERNDA",60,"City of Whittlesea",5227386,"BRIDGE INN HOTEL","Hotel",3754,145.0950928,91,-37.6008
"Metro","JACANA",55,"City of Hume",1406058,"BROADMEADOWS SPORTING CLUB","Club",3047,144.9098053,93,-37.6911
"Metro","COBURG",35,"City of Moreland",2772973,"BROWNS CORNER","Hotel",3058,144.9667969,97,-37.7415
"Metro","BUNDOORA",96,"City of Whittlesea",9355642,"BUNDOORA TAVERNER","Hotel",3083,145.0587006,103,-37.6956
"Metro","NUNAWADING",73,"City of Whitehorse",5567844,"BURVALE HOTEL","Hotel",3131,145.1705017,105,-37.8533
"Metro","PAKENHAM",105,"Shire of Cardinia",4921663,"CARDINIA CLUB","Club",3810,145.4929962,112,-38.077
"Metro","BEACONSFIELD",40,"Shire of Cardinia",1249985,"CARDINIA PARK HOTEL","Hotel",3807,145.3781971,113,-38.02870185
"Metro","EPPING",75,"City of Whittlesea",3326928,"CASA D'ABRUZZO CLUB","Club",3076,145.0196075,118,-37.6381
"Metro","PAKENHAM",50,"Shire of Cardinia",2928576,"CASTELLO'S CARDINIA HOTEL","Hotel",3810,145.4768066,119,-38.0708
"Metro","CAULFIELD EAST",105,"City of Glen Eira",5735230,"CAULFIELD GLASSHOUSE","Club",3145,145.0395966,121,-37.8772
"Metro","ELSTERNWICK",52,"City of Glen Eira",1160594,"CAULFIELD RSL","Club",3185,145.0032959,122,-37.884
"Metro","GLEN WAVERLEY",65,"City of Monash",4561533,"CENTURY CITY WALK","Hotel",3150,145.1643982,127,-37.8814
"Country","ARARAT",33,"Rural City of Ararat",536390,"CHALAMBAR GOLF CLUB","Club",3377,142.9111938,128,-37.2701
"Metro","CHELSEA HEIGHTS",40,"City of Kingston",3103690,"CHELSEA HEIGHTS HOTEL","Hotel",3196,145.1322937,129,-38.0278
"Metro","CHELTENHAM",41,"City of Kingston",1561410,"CHELTENHAM MOORABBIN RSL","Club",3192,145.0657043,130,-37.9678
"Metro","DONCASTER EAST",50,"City of Manningham",3898004,"CHERRY HILL TAVERN","Hotel",3109,145.1705933,131,-37.7633
"Metro","CHIRNSIDE PARK",37,"Shire of Yarra Ranges",765659,"CHIRNSIDE PARK COUNTRY CLUB","Club",3116,145.3255005,132,-37.75
"Country","COLAC",20,"Shire of Colac-Otway",594989,"CITY BOWLS CLUB COLAC","Club",3250,143.5865021,135,-38.348
"Country","BENDIGO",39,"City of Greater Bendigo",505409,"CITY FAMILY HOTEL","Hotel",3550,144.2769928,136,-36.7606
"Country","WARRNAMBOOL",38,"City of Warrnambool",1789096,"CITY MEMORIAL BOWLS CLUB","Club",3280,142.4958038,137,-38.3775
"Metro","CLAYTON SOUTH",29,"City of Kingston",1148249,"CLAYTON BOWLS CLUB","Club",3169,145.1112061,139,-37.9335
"Metro","CLAYTON",71,"City of Monash",1807903,"CLAYTON RSL","Club",3168,145.1226044,140,-37.9254
"Country","CLIFTON SPRINGS",40,"City of Greater Geelong",1960046,"CLIFTON SPRINGS GOLF CLUB","Club",3222,144.5639038,143,-38.1541
"Metro","MELBOURNE",100,"City of Melbourne",6151073,"CLOCKS AT FLINDERS STREET STATION","Club",3000,144.9674988,144,-37.8186
"Metro","EAST RINGWOOD",75,"City of Maroondah",2633925,"CLUB HOTEL","Hotel",3135,145.2389069,145,-37.812
"Metro","FERNTREE GULLY",40,"City of Knox",2599632,"CLUB HOTEL (FERNTREE GULLY)","Hotel",3156,145.2760925,147,-37.8827
"Country","WARRAGUL",30,"Shire of Baw Baw",1178370,"CLUB HOTEL (WARRAGUL)","Club",3820,145.9299011,148,-38.1629
"Metro","NORTH SUNSHINE",60,"City of Brimbank",2970222,"CLUB ITALIA SPORTING CLUB","Club",3020,144.8186951,149,-37.7605
"Metro","BAYSWATER NORTH",105,"City of Maroondah",4459466,"CLUB KILSYTH","Club",3143,145.3036957,150,-37.822
"Metro","LAVERTON",60,"City of Hobsons Bay",3416827,"CLUB LAVERTON","Club",3028,144.7619019,151,-37.8682
"Metro","FOOTSCRAY",30,"City of Maribyrnong",2024308,"CLUB LEEDS","Club",3011,144.9011993,152,-37.7995
"Metro","OFFICER",60,"Shire of Cardinia",2694600,"CLUB OFFICER","Club",3809,145.4344028,153,-38.07589023
"Metro","RINGWOOD",82,"City of Maroondah",2250111,"CLUB RINGWOOD","Club",3134,145.2537994,154,-37.7973
"Country","COBDEN",28,"Shire of Corangamite",590105,"COBDEN GOLF CLUB","Club",3266,143.0758057,156,-38.3227
"Country","COBRAM",43,"Shire of Moira",1139262,"COBRAM HOTEL","Hotel",3644,145.6405945,157,-35.9214
"Country","COLAC",20,"Shire of Colac-Otway",452197,"COLAC BOWLING CLUB","Club",3250,143.5771942,160,-38.3335
"Country","COLAC",25,"Shire of Colac-Otway",532363,"COLAC RSL","Club",3250,143.5906067,161,-38.3392
"Country","CAMPERDOWN",29,"Shire of Corangamite",735487,"COMMERCIAL HOTEL (CAMPERDOWN)","Hotel",3260,143.1481018,174,-38.2343
"Country","SWAN HILL",14,"Rural City of Swan Hill",875412,"COMMERCIAL HOTEL (SWAN HILL)","Hotel",3585,143.5594025,175,-35.337
"Metro","WERRIBEE",75,"City of Wyndham",7205209,"COMMERCIAL TAVERNER","Hotel",3030,144.6605072,176,-37.9022
"Metro","COOLAROO",47,"City of Hume",2941371,"COOLAROO TAVERNER","Hotel",3048,144.9416962,179,-37.6649
"Country","CORRYONG",10,"Shire of Towong",88967,"CORRYONG SPORTING COMPLEX","Club",3707,147.8997955,183,-36.192
"Country","BACCHUS MARSH",40,"Shire of Moorabool",2616765,"COURT HOUSE HOTEL (BACCHUS MARSH)","Hotel",3340,144.436203,185,-37.6754
"Metro","FOOTSCRAY",21,"City of Maribyrnong",1777665,"COURT HOUSE HOTEL (FOOTSCRAY)","Hotel",3011,144.8984985,187,-37.8019
"Metro","PRAHRAN",48,"City of Stonnington",2934937,"COURT JESTER HOTEL","Hotel",3181,144.9931946,188,-37.8506
"Metro","CRAIGIEBURN",70,"City of Hume",4448366,"CRAIGIEBURN SPORTING CLUB","Club",3064,144.9203033,190,-37.599
"Country","BALLARAT",45,"City of Ballarat",2610249,"CRAIG'S ROYAL HOTEL","Hotel",3350,143.857193,189,-37.5626
"Metro","PRESTON",79,"City of Darebin",5216905,"CRAMERS HOTEL","Hotel",3072,145.002594,192,-37.7408
"Metro","CRANBOURNE",50,"City of Casey",1753991,"CRANBOURNE RSL","Club",3977,145.2875977,193,-38.1175
"Metro","ESSENDON",40,"City of Moonee Valley",2432536,"CROSS KEYS HOTEL","Hotel",3040,144.9281006,201,-37.7441
"Metro","LILYDALE",64,"Shire of Yarra Ranges",3908895,"CROWN HOTEL","Hotel",3140,145.3524933,203,-37.7571
"Metro","THORNBURY",54,"City of Darebin",2623237,"CROXTON PARK HOTEL","Hotel",3071,145.0005035,205,-37.7625
"Metro","CROYDON",105,"City of Maroondah",5500946,"CROYDON HOTEL","Hotel",3136,145.2631989,206,-37.7905
"Country","CASTLEMAINE",30,"Shire of Mount Alexander",1592411,"CUMBERLAND HOTEL","Hotel",3450,144.216507,207,-37.0646
"Metro","DANDENONG",103,"City of Greater Dandenong",5892759,"DANDENONG CLUB","Club",3175,145.2250061,208,-37.9705
"Metro","DANDENONG",63,"City of Greater Dandenong",3791764,"DANDENONG RSL","Club",3175,145.219696,209,-37.9857
"Metro","DANDENONG",77,"City of Greater Dandenong",1357037,"DANDENONG WORKERS SOCIAL CLUB","Club",3175,145.2265015,211,-37.9918
"Metro","PRESTON",65,"City of Darebin",2467775,"DAREBIN RSL","Club",3072,144.9985046,212,-37.7441
"Metro","MT MARTHA",32,"Shire of Mornington Peninsula",1386820,"DAVA HOTEL","Hotel",3934,145.0301971,214,-38.2449
"Country","DAYLESFORD",32,"Shire of Hepburn",665709,"DAYLESFORD BOWLING CLUB","Club",3460,144.1452026,216,-37.3413
"Metro","DEER PARK",80,"City of Brimbank",6049691,"DEER PARK CLUB","Club",3023,144.7807007,217,-37.77
"Metro","DEER PARK",80,"City of Brimbank",7242814,"DEER PARK HOTEL","Hotel",3023,144.7879944,218,-37.7706
"Metro","SUNSHINE",55,"City of Brimbank",4179921,"DERRIMUT HOTEL","Hotel",3020,144.8303986,220,-37.7881
"Metro","DIAMOND CREEK",50,"Shire of Nillumbik",3020974,"DIAMOND CREEK TAVERN","Hotel",3089,145.145401,221,-37.6761
"Metro","ST KILDA",40,"City of Port Phillip",1128598,"DICK WHITTINGTON TAVERN","Hotel",3182,144.9911957,222,-37.8645
"Metro","DINGLEY",90,"City of Kingston",7827803,"DINGLEY INTERNATIONAL HOTEL","Hotel",3172,145.1123962,223,-37.9792
"Metro","DONCASTER",85,"City of Manningham",6581555,"DONCASTER HOTEL","Hotel",3108,145.1432953,224,-37.7866
"Metro","CROYDON",97,"City of Maroondah",8856573,"DORSET GARDENS HOTEL","Hotel",3136,145.2906952,226,-37.803
"Metro","DROMANA",41,"Shire of Mornington Peninsula",2556715,"DROMANA HOTEL","Hotel",3936,144.9676056,227,-38.3315
"Metro","COBURG",75,"City of Moreland",4708855,"DRUMS HOTEL","Hotel",3058,144.9662933,228,-37.7375
"Metro","BRUNSWICK",50,"City of Moreland",3942390,"DUKE OF EDINBURGH","Hotel",3056,144.9622955,230,-37.7678
"Metro","MALVERN EAST",0,"City of Stonnington",121118,"EAST MALVERN RSL","Club",3145,145.0648956,232,-37.8733
"Metro","KILSYTH",19,"City of Maroondah",98504,"EASTWOOD GOLF CLUB","Club",3137,145.3148041,233,-37.8355
"Country","ECHUCA",30,"Shire of Campaspe",502201,"ECHUCA HOTEL","Hotel",3564,144.7458954,234,-36.1211
"Country","ECHUCA",84,"Shire of Campaspe",1561217,"ECHUCA WORKERS AND SERVICES CLUB","Club",3564,144.7514038,236,-36.1273
"Metro","CHELSEA",80,"City of Kingston",2310404,"EDITHVALE - CHELSEA RSL","Club",3196,145.1165009,237,-38.0504
"Metro","RESERVOIR",100,"City of Darebin",7003860,"EDWARDES LAKE HOTEL","Hotel",3073,144.9893951,238,-37.7155
"Country","WODONGA",80,"Rural City of Wodonga",2483005,"ELGIN'S","Hotel",3690,146.8842926,243,-36.1205
"Metro","ELWOOD",28,"City of Port Phillip",900636,"ELSTERNWICK HOTEL","Hotel",3184,144.9958954,246,-37.8832
"Metro","ELTHAM",40,"Shire of Nillumbik",2005533,"ELTHAM HOTEL","Hotel",3095,145.1466064,247,-37.7214
"Metro","EPPING",40,"City of Whittlesea",4323311,"EPPING HOTEL","Hotel",3076,145.0245056,252,-37.6493
"Metro","EPPING",100,"City of Whittlesea",10377774,"EPPING PLAZA HOTEL","Hotel",3076,145.0200043,253,-37.6533
"Metro","EPPING",45,"City of Whittlesea",2540780,"EPPING RSL","Club",3076,145.0211029,254,-37.6232
"Country","INVERLOCH",17,"Shire of Bass Coast",535190,"ESPLANADE HOTEL (INVERLOCH)","Hotel",3996,145.7286987,255,-38.6341
"Metro","ESSENDON",100,"City of Moonee Valley",2883238,"ESSENDON FOOTBALL & COMMUNITY SPORTING CLUB","Club",3040,144.9196014,257,-37.752
"Metro","THOMASTOWN",89,"City of Whittlesea",8610490,"EXCELSIOR HOTEL","Hotel",3074,145.0005951,261,-37.6926
"Country","DROUIN",28,"Shire of Baw Baw",1496672,"FAMILY HOTEL","Hotel",3818,145.857193,267,-38.1358
"Metro","FAWKNER",35,"City of Moreland",802518,"FAWKNER RSL","Club",3060,144.963501,269,-37.7152
"Metro","FERNTREE GULLY",34,"City of Knox",731627,"FERNTREE GULLY BOWLING CLUB","Club",3156,145.2870026,270,-37.8891
"Metro","FERNTREE GULLY",49,"City of Knox",1912749,"FERNTREE GULLY HOTEL","Hotel",3156,145.2971039,271,-37.889
"Metro","FAWKNER",64,"City of Moreland",5124417,"FIRST & LAST HOTEL","Hotel",3060,144.9624939,272,-37.7189
"Country","Warrnambool",8,"City of Warrnambool",117242,"FLYING HORSE BAR AND BREWERY","Hotel",3280,142.5332947,276,-38.3854
"Metro","OAKLEIGH",46,"City of Monash",2122997,"FORESTERS ARMS HOTEL","Hotel",3166,145.0914001,278,-37.8929
"Country","FOSTER",25,"Shire of South Gippsland",335924,"FOSTER GOLF CLUB","Club",3960,146.1958008,279,-38.655
"Metro","NARRE WARREN",85,"City of Casey",6712239,"FOUNTAIN GATE TAVERNER","Hotel",3805,145.3031006,280,-38.0187
"Metro","FRANKSTON",82,"City of Frankston",5167156,"FRANKSTON RSL","Club",3199,145.147995,282,-38.1508
"Metro","KEYSBOROUGH",30,"City of Kingston",864042,"FRECCIA AZZURRA CLUB","Club",3173,145.1412964,284,-38.0004
"Metro","THORNBURY",30,"City of Darebin",360411,"FURLAN CLUB","Club",3071,145.0279999,285,-37.7575
"Country","FYANSFORD",27,"City of Greater Geelong",842795,"FYANSFORD HOTEL","Hotel",3221,144.3099976,286,-38.1422
"Country","CORIO",50,"City of Greater Geelong",3330557,"GATEWAY HOTEL","Hotel",3214,144.3641968,288,-38.0806
"Country","BREAKWATER",105,"City of Greater Geelong",4443178,"GEELONG COMBINED LEAGUES CLUB","Club",3219,144.3811035,290,-38.1806
"Country","BELMONT",42,"City of Greater Geelong",1914683,"GEELONG RSL","Club",3216,144.3509064,292,-38.1734
"Country","BALLARAT",28,"City of Ballarat",720327,"GEORGE HOTEL","Hotel",3350,143.8574066,295,-37.5608
"Metro","TULLAMARINE",86,"City of Hume",9067489,"GLADSTONE PARK HOTEL","Hotel",3043,144.8831024,298,-37.6876
"Metro","SUNSHINE",50,"City of Brimbank",4342121,"GLENGALA HOTEL","Hotel",3020,144.8027039,299,-37.7866
"Metro","GLENROY",50,"City of Moreland",2767306,"GLENROY RSL","Club",3046,144.9196014,300,-37.7052
"Metro","MELTON",45,"Shire of Melton",4709664,"GOLDEN FLEECE HOTEL (MELTON)","Hotel",3337,144.5852966,304,-37.6833
"Metro","MELBOURNE",60,"City of Melbourne",4317142,"GOLDEN NUGGET","Hotel",3000,144.9687958,305,-37.8105
"Country","BALLARAT",22,"City of Ballarat",634592,"GOLF HOUSE HOTEL","Hotel",3350,143.8591003,306,-37.5417
"Country","PORTLAND",23,"Shire of Glenelg",862228,"GORDON HOTEL","Hotel",3305,141.6056061,307,-38.3496
"Country","SHEPPARTON",40,"City of Greater Shepparton",3689763,"GOULBURN VALLEY HOTEL","Hotel",3630,145.4060059,308,-36.3817
"Country","HAMILTON",40,"Shire of Southern Grampians",1834495,"GRAND CENTRAL HOTEL (HAMILTON)","Hotel",3300,142.0240021,309,-37.7429
"Metro","FRANKSTON",64,"City of Frankston",3317401,"GRAND HOTEL (FRANKSTON)","Hotel",3199,145.1206055,314,-38.1452
"Metro","MORNINGTON",70,"Shire of Mornington Peninsula",5359119,"GRAND HOTEL (MORNINGTON)","Hotel",3931,145.039093,315,-38.2198
"Country","TRARALGON",34,"City of Latrobe",2905985,"GRAND JUNCTION HOTEL","Hotel",3844,146.5381012,316,-38.1979
"Country","MILDURA",15,"Rural City of Mildura",629480,"GRAND ON DEAKIN","Hotel",3500,142.1688995,317,-34.1876
"Country","BAIRNSDALE",24,"Shire of East Gippsland",1141329,"GRAND TERMINUS HOTEL","Hotel",3875,147.6293945,318,-37.8275
"Country","NEWTOWN",36,"City of Greater Geelong",2326161,"GREAT WESTERN HOTEL","Hotel",3220,144.3350067,320,-38.1455
"Metro","KEILOR DOWNS",70,"City of Brimbank",3278350,"GREEN GULLY SOCCER CLUB","Club",3038,144.8179016,321,-37.7241
"Metro","GREENSBOROUGH",30,"City of Banyule",1550444,"GREENSBOROUGH HOTEL","Hotel",3088,145.1047058,323,-37.7028
"Metro","GREENSBOROUGH",78,"City of Banyule",2828468,"GREENSBOROUGH RSL","Club",3088,145.1054993,324,-37.7018
"Metro","SPRINGVALE",93,"City of Greater Dandenong",7478284,"GREYHOUNDS ENTERTAINMENT","Club",3171,145.1587067,326,-37.957
"Metro","ST KILDA",22,"City of Port Phillip",394003,"GROSVENOR HOTEL","Hotel",3182,144.9902954,327,-37.8722
"Country","GROVEDALE",80,"City of Greater Geelong",5980832,"GROVEDALE HOTEL","Hotel",3216,144.3414001,328,-38.2031
"Metro","HALLAM",80,"City of Casey",6417077,"HALLAM TAVERNER","Hotel",3803,145.2727051,330,-38.0067
"Metro","HAMPTON",30,"City of Bayside",399991,"HAMPTON BOWLS CLUB","Club",3188,145.0149994,332,-37.9373
"Metro","HAMPTON PARK",73,"City of Casey",7502665,"HAMPTON PARK TAVERN","Hotel",3976,145.2669067,334,-38.0344
"Metro","KEW EAST",47,"City of Boroondara",4664203,"HARP OF ERIN HOTEL","Hotel",3102,145.0514069,335,-37.7991
"Metro","HASTINGS",50,"Shire of Mornington Peninsula",1593640,"HASTINGS CRICKET & FOOTBALL SOCIAL CLUB","Club",3915,145.1869965,336,-38.2966
"Metro","FLEMINGTON",80,"City of Melbourne",1487701,"HEADQUARTERS TAVERN","Club",3031,144.9071045,338,-37.7891
"Metro","HEALESVILLE",50,"Shire of Yarra Ranges",1187700,"HEALESVILLE RSL","Club",3777,145.5211945,339,-37.6518
"Metro","HIGHETT",41,"City of Kingston",1306951,"HIGHETT RETURNED & SERVICES CLUB","Club",3190,145.0431976,345,-37.9499
"Metro","CRAIGIEBURN",80,"City of Hume",6853303,"HIGHLANDS HOTEL","Hotel",3064,144.9216003,346,-37.5748
"Metro","MARIBYRNONG",70,"City of Maribyrnong",3371794,"HIGHPOINT TAVERNER","Hotel",3032,144.8883057,347,-37.7731
"Metro","SPRINGVALE",90,"City of Greater Dandenong",8208588,"HIGHWAYS SANDOWN","Club",3171,145.1719971,348,-37.9475
"Country","TATURA",10,"City of Greater Shepparton",200146,"HILL TOP GOLF AND COUNTRY CLUB","Club",3616,145.2359924,349,-36.4329
"Country","WALLAN",45,"Shire of Mitchell",2452628,"HOGANS HOTEL","Hotel",3756,144.9803009,350,-37.4123
"Metro","HOPPERS CROSSING",91,"City of Wyndham",3271804,"HOPPERS CROSSING CLUB","Club",3029,144.6923981,352,-37.8693
"Metro","HOPPERS CROSSING",55,"City of Wyndham",2581369,"HOPPERS CROSSING SPORTS CLUB","Club",3029,144.6938934,353,-37.8628
"Country","HORSHAM",36,"Rural City of Horsham",1180343,"HORSHAM RSL","Club",3400,142.1999969,355,-36.7129
"Country","HORSHAM",83,"Rural City of Horsham",3009465,"HORSHAM SPORTS & COMMUNITY CLUB","Club",3400,142.1985931,356,-36.712
"Metro","TARNEIT",65,"City of Wyndham",5205444,"HOTEL 520 ON SAYERS","Hotel",3029,144.6891937,357,-37.8477
"Country","MORWELL",42,"City of Latrobe",2075936,"ITALIAN AUSTRALIAN SPORTING AND SOCIAL CLUB OF GIPPSLAND","Club",3840,146.433197,368,-38.2333
"Metro","WERRIBEE",70,"City of Wyndham",3322208,"ITALIAN SPORTS CLUB OF WERRIBEE","Club",3030,144.6475983,369,-37.884
"Metro","IVANHOE",85,"City of Banyule",5259321,"IVANHOE HOTEL","Hotel",3079,145.0419006,370,-37.7694
"Country","GEELONG",47,"City of Greater Geelong",2047952,"JOKERS ON RYRIE","Hotel",3220,144.3621063,374,-38.1498
"Metro","PRESTON",46,"City of Darebin",3272347,"JUNCTION HOTEL","Hotel",3072,145.0021057,375,-37.7511
"Country","KANGAROO FLAT",60,"City of Greater Bendigo",1078823,"KANGAROO FLAT SPORTS CLUB","Club",3555,144.2400055,377,-36.7937
"Metro","FRANKSTON",29,"City of Frankston",1177963,"KARINGAL BOWLING CLUB","Club",3199,145.1564941,378,-38.1372
"Metro","KEALBA",86,"City of Brimbank",10160755,"KEALBA HOTEL","Hotel",3021,144.8289032,379,-37.7471
"Metro","ESSENDON",39,"City of Moonee Valley",1186836,"KEILOR EAST RSL","Club",3040,144.8901062,380,-37.7525
"Metro","KEILOR",50,"City of Brimbank",2935768,"KEILOR HOTEL","Hotel",3036,144.8365021,382,-37.7193
"Country","KERANG",45,"Shire of Gannawarra",1054373,"KERANG SPORTS AND ENTERTAINMENT VENUE","Club",3579,143.9207001,386,-35.7348
"Metro","KEYSBOROUGH",89,"City of Greater Dandenong",9631084,"KEYSBOROUGH HOTEL","Hotel",3173,145.1622925,389,-37.9923
"Country","KILMORE",76,"Shire of Mitchell",3168807,"KILMORE TRACKSIDE","Club",3764,144.9611969,390,-37.2932
"Metro","HASTINGS",33,"Shire of Mornington Peninsula",2183376,"KINGS CREEK HOTEL","Hotel",3915,145.1842041,392,-38.2989
"Metro","MORNINGTON",40,"Shire of Mornington Peninsula",979438,"KIRKPATRICKS HOTEL","Hotel",3931,145.0328064,393,-38.2181
"Metro","WANTIRNA",100,"City of Knox",4162570,"KNOX CLUB","Club",3152,145.2429962,394,-37.8535
"Metro","WANTIRNA SOUTH",73,"City of Knox",4292654,"KNOX TAVERN","Hotel",3152,145.2444,395,-37.8701
"Metro","ALTONA",61,"City of Hobsons Bay",1999826,"KOORINGAL GOLF CLUB","Club",3018,144.8119965,397,-37.8736
"Country","KORUMBURRA",16,"Shire of South Gippsland",748633,"KORUMBURRA HOTEL","Hotel",3950,145.822998,400,-38.4319
"Country","KYABRAM",53,"Shire of Campaspe",1571189,"KYABRAM CLUB","Club",3620,145.0410004,402,-36.3138
"Country","KYNETON",25,"Shire of Macedon Ranges",862359,"KYNETON BOWLING CLUB","Club",3444,144.4524994,403,-37.2497
"Country","KYNETON",28,"Shire of Macedon Ranges",1130751,"KYNETON RSL","Club",3444,144.4523926,404,-37.2515
"Country","LAKES ENTRANCE",63,"Shire of East Gippsland",2298506,"LAKES ENTRANCE BOWLS CLUB","Club",3909,147.9886932,407,-37.8779
"Country","LAKES ENTRANCE",35,"Shire of East Gippsland",928895,"LAKES ENTRANCE RSL","Club",3909,147.9808044,408,-37.8812
"Country","Sale",33,"Shire of Wellington",309914,"LAKESIDE CLUB","Club",3850,147.080307,409,-38.1118
"Metro","LALOR",36,"City of Whittlesea",1650509,"LALOR BOWLING CLUB","Club",3075,145.0218048,412,-37.6668
"Metro","LANGWARRIN",62,"City of Frankston",4625905,"LANGWARRIN HOTEL","Hotel",3910,145.1949005,414,-38.1513
"Country","LARA",40,"City of Greater Geelong",1494005,"LARA HOTEL","Hotel",3212,144.4140015,415,-38.0237
"Country","LARA",50,"City of Greater Geelong",996344,"LARA SPORTING CLUB","Club",3212,144.4138031,416,-38.0203
"Country","LEONGATHA",44,"Shire of South Gippsland",1415109,"LEONGATHA RSL","Club",3953,145.9452057,418,-38.4754
"Country","LEOPOLD",35,"City of Greater Geelong",1950742,"LEOPOLD SPORTSMANS CLUB","Club",3224,144.4658051,420,-38.1769
"Metro","ESSENDON",38,"City of Moonee Valley",2939502,"LINCOLNSHIRE ARMS HOTEL","Hotel",3040,144.9096985,422,-37.7445
"Metro","CHELSEA",49,"City of Kingston",2623860,"LONG BEACH HOTEL","Hotel",3196,145.1148987,425,-38.0508
"Country","NEWTOWN",60,"City of Greater Geelong",3309825,"LORD OF THE ISLES TAVERN","Hotel",3220,144.3495026,427,-38.1603
"Country","LORNE",10,"Shire of Surf Coast",245574,"LORNE HOTEL","Hotel",3232,143.9756927,428,-38.5431
"Metro","LOWER PLENTY",85,"City of Banyule",4966937,"LOWER PLENTY HOTEL","Hotel",3093,145.1087952,429,-37.7303
"Metro","LYNBROOK",55,"City of Casey",4793109,"LYNBROOK HOTEL","Hotel",3975,145.2514038,431,-38.0438
"Metro","MELTON",82,"Shire of Melton",6422182,"MAC'S HOTEL (MELTON)","Hotel",3337,144.5802002,435,-37.6826
"Country","WARRNAMBOOL",31,"City of Warrnambool",1998951,"MAC'S HOTEL (WARRNAMBOOL)","Hotel",3280,142.4810944,436,-38.3782
"Country","MAFFRA",35,"Shire of Wellington",1587560,"MAFFRA COMMUNITY SPORTS CLUB","Club",3860,146.9779968,438,-37.9673
"Country","WANDONG",24,"Shire of Mitchell",626787,"MAGPIE AND STUMP HOTEL","Hotel",3758,145.0247955,439,-37.3557
"Metro","MELBOURNE",80,"City of Melbourne",5095509,"MAIL EXCHANGE HOTEL","Hotel",3000,144.953344,440,-37.816672
"Metro","MALVERN",30,"City of Stonnington",1660242,"MALVERN VALE CLUB HOTEL","Hotel",3144,145.0381927,445,-37.8541
"Metro","RINGWOOD",72,"City of Maroondah",4159251,"MANHATTAN HOTEL","Hotel",3134,145.2140961,446,-37.8309
"Metro","BULLEEN",90,"City of Manningham",2157841,"MANNINGHAM CLUB","Club",3105,145.0812988,447,-37.7775
"Country","MANSFIELD",40,"Shire of Mansfield",818880,"MANSFIELD GOLF CLUB","Club",3722,146.0769043,449,-37.061
"Metro","BRIGHTON",40,"City of Bayside",1497875,"MARINE HOTEL","Hotel",3186,144.9911041,451,-37.9132
"Metro","RINGWOOD EAST",44,"City of Maroondah",858246,"MAROONDAH SPORTS CLUB","Club",3135,145.2453003,454,-37.809
"Country","MARYBOROUGH",40,"Shire of Central Goldfields",1082057,"MARYBOROUGH GOLF CLUB","Club",3465,143.7424927,455,-37.0319
"Country","MARYBOROUGH",59,"Shire of Central Goldfields",2748099,"MARYBOROUGH HIGHLAND SOCIETY","Club",3465,143.733902,456,-37.0489
"Metro","CHADSTONE",75,"City of Monash",5460218,"MATTHEW FLINDERS TAVERNER","Hotel",3148,145.0924072,457,-37.8768
"Country","LEONGATHA",20,"Shire of South Gippsland",753754,"MCCARTINS HOTEL","Hotel",3953,145.9459991,458,-38.4767
"Metro","MCKINNON",45,"City of Glen Eira",1438061,"MCKINNON HOTEL","Hotel",3204,145.0424957,463,-37.9113
"Metro","FAWKNER",70,"City of Hume",5770314,"MEADOW INN HOTEL","Hotel",3060,144.9573059,464,-37.6902
"Metro","MELTON",90,"Shire of Melton",3139671,"MELTON COUNTRY CLUB","Club",3337,144.5924072,467,-37.6847
"Metro","MENTONE",25,"City of Kingston",411615,"MENTONE RSL","Club",3194,145.0662994,468,-37.9896
"Country","MERBEIN",20,"Rural City of Mildura",565722,"MERBEIN CITIZENS CLUB","Club",3505,142.0615997,470,-34.1833
"Metro","MELBOURNE",90,"City of Melbourne",7231279,"MERCURE GRAND HOTEL ON SWANSTON","Hotel",3000,144.9649963,471,-37.813
"Country","BALLARAT",32,"City of Ballarat",608056,"MIDLANDS GOLF CLUB","Club",3350,143.8558044,475,-37.5266
"Metro","BRIGHTON",48,"City of Bayside",1881628,"MILANO'S HOTEL","Hotel",3186,144.9877014,476,-37.9263
"Country","MILDURA",75,"Rural City of Mildura",6062381,"MILDURA GATEWAY TAVERN","Hotel",3500,142.1412964,477,-34.2114
"Country","MILDURA",20,"Rural City of Mildura",314066,"MILDURA GOLF CLUB","Club",3500,142.1376953,478,-34.1777
"Country","MILDURA",45,"Rural City of Mildura",2174771,"MILDURA RSL","Club",3500,142.1600037,479,-34.1896
"Country","MILDURA",67,"Rural City of Mildura",3624114,"MILDURA WORKING MANS SPORTS & SOCIAL CLUB","Club",3500,142.1611023,480,-34.1871
"Metro","ALTONA NORTH",70,"City of Hobsons Bay",6824899,"MILLERS INN HOTEL","Hotel",3025,144.8468933,482,-37.8353
"Metro","MITCHAM",60,"City of Whitehorse",3700814,"MITCHAM HOTEL","Hotel",3132,145.1940002,484,-37.8167
"Country","BAIRNSDALE",16,"Shire of East Gippsland",732521,"MITCHELL RIVER TAVERN","Hotel",3875,147.6345978,485,-37.8258
"Country","MOE",22,"City of Latrobe",783339,"MOE HOTEL","Hotel",3825,146.2619019,486,-38.1775
"Country","MOE",75,"City of Latrobe",3487105,"MOE RACING CLUB","Club",3825,146.2516937,487,-38.1761
"Country","MOE",45,"City of Latrobe",2080537,"MOE RSL CLUB","Club",3825,146.2626038,488,-38.1751
"Metro","CLAYTON",43,"City of Monash",3072262,"MONASH HOTEL","Hotel",3168,145.1376953,490,-37.9198
"Metro","MONBULK",30,"Shire of Yarra Ranges",926108,"MONBULK BOWLING CLUB","Club",3793,145.4095001,491,-37.874
"Metro","MONTMORENCY",50,"City of Banyule",961281,"MONTMORENCY RSL","Club",3094,145.1257019,492,-37.717
"Metro","MOONEE PONDS",104,"City of Moonee Valley",2185196,"MOONEE VALLEY RACING CLUB","Club",3039,144.9221954,493,-37.7658
"Country","MOOROOPNA",40,"City of Greater Shepparton",1268919,"MOOROOPNA GOLF CLUB","Club",3629,145.3600006,495,-36.3866
"Metro","MORDIALLOC",82,"City of Kingston",2934238,"MORDIALLOC SPORTING CLUB","Club",3195,145.0847931,496,-38.0053
"Metro","BRUNSWICK",70,"City of Moreland",4289086,"MORELAND HOTEL","Hotel",3056,144.9644012,497,-37.7557
"Metro","MORNINGTON",30,"Shire of Mornington Peninsula",1184932,"MORNINGTON ON TANTI HOTEL","Hotel",3931,145.0480957,498,-38.226
"Country","MORWELL",69,"City of Latrobe",2732511,"MORWELL BOWLING CLUB","Club",3840,146.3930054,499,-38.2419
"Country","MORWELL",35,"City of Latrobe",841723,"MORWELL CLUB","Club",3840,146.391098,500,-38.234
"Country","MORWELL",15,"City of Latrobe",921381,"MORWELL HOTEL","Hotel",3840,146.4100952,501,-38.2387
"Country","MORWELL",46,"City of Latrobe",1953720,"MORWELL RSL","Club",3840,146.3963928,502,-38.24
"Metro","CRANBOURNE",70,"City of Casey",5978050,"MOTOR CLUB HOTEL","Hotel",3977,145.283493,504,-38.1114
"Metro","GLEN WAVERLEY",62,"City of Monash",3978098,"MOUNTAIN VIEW HOTEL","Hotel",3150,145.1674042,508,-37.8739
"Metro","WHEELERS HILL",105,"City of Monash",5972802,"MULGRAVE COUNTRY CLUB","Club",3150,145.1853027,513,-37.921
"Metro","MOONEE PONDS",80,"City of Moonee Valley",2744174,"MVRC JUNCTION CLUB","Club",3039,144.925705,514,-37.7674
"Metro","OAKLEIGH",92,"City of Monash",3466671,"MVRC LEIGHOAK CLUB","Club",3166,145.0930023,515,-37.8931
"Country","MYRTLEFORD",40,"Shire of Alpine",507538,"MYRTLEFORD SAVOY SPORTING CLUB","Club",3737,146.7151031,516,-36.5545
"Country","NAGAMBIE",32,"Shire of Strathbogie",707272,"NAGAMBIE LAKES ENTERTAINMENT CENTRE","Club",3608,145.1533966,517,-36.7846
"Metro","Brighton",50,"City of Bayside",948719,"NEW BAY HOTEL","Hotel",3186,144.9927063,521,-37.9045
"Country","NEWBOROUGH",23,"City of Latrobe",470886,"NEWBOROUGH BOWLING CLUB","Club",3825,146.2996979,522,-38.182
"Metro","NEWMARKET",68,"City of Moonee Valley",5497407,"NEWMARKET TAVERN","Hotel",3031,144.9279938,524,-37.7873
"Metro","NOBLE PARK",50,"City of Greater Dandenong",3118241,"NOBLE PARK FOOTBALL SOCIAL CLUB","Club",3174,145.1681061,528,-37.9769
"Metro","NOBLE PARK",35,"City of Greater Dandenong",2079674,"NOBLE PARK RSL","Club",3174,145.1761017,529,-37.9656
"Country","NORLANE",84,"City of Greater Geelong",4041406,"NORLANE HOTEL","Hotel",3214,144.355896,531,-38.0985
"Country","BALLARAT",70,"City of Ballarat",2721637,"NORTH BALLARAT SPORTS CLUB","Club",3350,143.8491058,532,-37.5416
"Metro","BRUNSWICK",85,"City of Moreland",2268796,"NORTHCOTE PARK FOOTBALL CLUB","Club",3056,144.9602966,535,-37.7759
"Country","NUMURKAH",60,"Shire of Moira",1070066,"NUMURKAH GOLF & BOWLS CLUB","Club",3636,145.4398041,539,-36.0984
"Metro","OAKLEIGH",45,"City of Monash",2791977,"OAKLEIGH JUNCTION HOTEL","Hotel",3166,145.0877075,541,-37.8993
"Country","OCEAN GROVE",60,"City of Greater Geelong",2428986,"OCEAN GROVE BOWLING CLUB","Club",3226,144.5169067,543,-38.2659
"Metro","HEIDELBERG",93,"City of Banyule",5781357,"OLD ENGLAND HOTEL","Hotel",3084,145.0686951,545,-37.7581
"Metro","LILYDALE",47,"Shire of Yarra Ranges",1725946,"OLINDA CREEK HOTEL","Hotel",3140,145.3489075,546,-37.7569
"Metro","SUNBURY",43,"City of Hume",3065270,"OLIVE TREE HOTEL","Hotel",3429,144.7281036,547,-37.5818
"Metro","PRESTON",80,"City of Darebin",5379860,"OLYMPIC HOTEL","Hotel",3072,145.0214996,548,-37.7465
"Country","OUYEN",5,"Rural City of Mildura",204711,"OUYEN CLUB","Club",3490,142.3161011,552,-35.0698
"Metro","PAKENHAM",70,"Shire of Cardinia",3237113,"PAKENHAM HOTEL","Hotel",3810,145.4649048,555,-38.0638
"Metro","CAMBERWELL",40,"City of Boroondara",2286518,"PALACE HOTEL","Hotel",3124,145.0572968,557,-37.8262
"Metro","FITZROY NORTH",30,"City of Yarra",1489537,"PARKVIEW HOTEL","Hotel",3068,144.9835968,561,-37.783
"Metro","PASCOE VALE",47,"City of Moreland",1667654,"PASCOE VALE RSL","Club",3044,144.9382935,562,-37.7346
"Metro","PASCOE VALE",42,"City of Moreland",3094611,"PASCOE VALE TAVERNER HOTEL","Hotel",3044,144.9286041,564,-37.7295
"Metro","DROMANA",35,"Shire of Mornington Peninsula",992128,"PENINSULA CLUB","Club",3936,144.9656067,567,-38.3341
"Country","NEWCOMB",55,"City of Greater Geelong",3236179,"PENINSULA HOTEL MOTEL","Hotel",3219,144.4062042,568,-38.1736
"Country","KIALLA",20,"City of Greater Shepparton",820246,"PEPPERMILL INN HOTEL MOTEL","Hotel",3631,145.394104,569,-36.4198
"Country","COWES",58,"Shire of Bass Coast",3241877,"PHILLIP ISLAND RSL","Club",3922,145.2398987,571,-38.463
"Country","GEELONG",28,"City of Greater Geelong",1613179,"PHOENIX HOTEL","Hotel",3220,144.3616028,572,-38.1462
"Metro","FRANKSTON",58,"City of Frankston",3100986,"PIER HOTEL","Hotel",3199,145.1199036,573,-38.1449
"Country","WANGARATTA",44,"Rural City of Wangaratta",1849383,"PINSENT HOTEL","Hotel",3677,146.3278046,575,-36.3558
"Metro","DANDENONG",25,"City of Greater Dandenong",1860124,"PLAYERS HOTEL","Hotel",3175,145.2131042,577,-37.9864
"Metro","CARLTON",66,"City of Melbourne",3505022,"PLAYERS ON LYGON","Hotel",3053,144.9669952,578,-37.8024
"Metro","MILL PARK",100,"City of Whittlesea",10294317,"PLOUGH HOTEL","Hotel",3082,145.0608063,579,-37.6668
"Country","BREAKWATER",35,"City of Greater Geelong",935807,"POLISH COMMUNITY ASSOC IN GEELONG","Club",3219,144.378006,582,-38.1809
"Country","PORTARLINGTON",65,"City of Greater Geelong",2107370,"PORTARLINGTON GOLF CLUB","Club",3223,144.670105,585,-38.1238
"Country","PORTLAND",25,"Shire of Glenelg",736776,"PORTLAND FOOTBALL NETBALL CRICKET CLUB","Club",3305,141.5993042,586,-38.3451
"Country","PORTLAND",40,"Shire of Glenelg",685764,"PORTLAND RSL MEMORIAL BOWLING CLUB","Club",3305,141.6060944,587,-38.3594
"Metro","FOOTSCRAY",47,"City of Maribyrnong",2295859,"POWELL HOTEL","Hotel",3011,144.8892059,589,-37.7906
"Metro","PRAHRAN",81,"City of Stonnington",2514800,"PRAHRAN FOOTBALL SOCIAL CLUB","Club",3181,144.9927979,590,-37.8489
"Metro","PRESTON",40,"City of Darebin",2425740,"PRESTON HOTEL","Hotel",3072,145.0043945,592,-37.7332
"Metro","DOVETON",79,"City of Casey",6501665,"PRINCE MARK HOTEL","Hotel",3177,145.2342072,594,-38.0005
"Metro","COLLINGWOOD",20,"City of Yarra",942803,"PUNTERS PALACE","Hotel",3066,144.9844055,596,-37.7997
"Country","QUEENSCLIFF",30,"Borough of Queenscliffe",633010,"QUEENSCLIFF BOWLING TENNIS AND CROQUET CLUB","Club",3225,144.656601,600,-38.2719
"Metro","MALVERN EAST",40,"City of Stonnington",1136148,"RACECOURSE HOTEL (MALVERN EAST)","Hotel",3145,145.0455933,602,-37.8758
"Metro","WERRIBEE",52,"City of Wyndham",2435397,"RACECOURSE HOTEL (WERRIBEE)","Hotel",3030,144.6528931,603,-37.9017
"Country","WARRNAMBOOL",19,"City of Warrnambool",729953,"RAFFERTY'S TAVERN","Hotel",3280,142.4600067,604,-38.3651
"Country","SEYMOUR",33,"Shire of Mitchell",1877307,"RAILWAY CLUB HOTEL","Hotel",3660,145.1378937,606,-37.0239
"Country","RED CLIFFS",34,"Rural City of Mildura",1513627,"RED CLIFFS CLUB","Club",3496,142.1876984,617,-34.3046
"Country","BALLARAT",54,"City of Ballarat",1902790,"RED LION HOTEL","Hotel",3350,143.8701019,618,-37.5689
"Metro","RESERVOIR",68,"City of Darebin",2366789,"RESERVOIR RSL","Club",3073,145.0057983,620,-37.7173
"Metro","WILLIAMSTOWN",40,"City of Hobsons Bay",1549159,"RIFLE CLUB HOTEL","Hotel",3016,144.8887939,623,-37.8581
"Metro","RINGWOOD",70,"City of Maroondah",2146180,"RINGWOOD RSL","Club",3134,145.2285004,624,-37.8168
"Country","BENDIGO",35,"City of Greater Bendigo",1866330,"RISING SUN HOTEL","Hotel",3550,144.2828064,627,-36.7502
"Metro","HAWTHORN",42,"City of Boroondara",2581552,"RIVERSDALE HOTEL","Hotel",3122,145.0437927,629,-37.8301
"Metro","SEAFORD",40,"City of Frankston",1941407,"RIVIERA HOTEL","Hotel",3198,145.1235046,630,-38.0888
"Country","BALLARAT",20,"City of Ballarat",539733,"ROBIN HOOD HOTEL","Hotel",3350,143.8636932,631,-37.5613
"Country","ROBINVALE",68,"Rural City of Swan Hill",1434000,"ROBINVALE GOLF CLUB","Club",3549,142.7798004,632,-34.6013
"Metro","EAST RESERVOIR",44,"City of Darebin",2719759,"ROSE SHAMROCK & THISTLE HOTEL","Hotel",3073,145.0166931,635,-37.7291
"Metro","ROSEBUD",40,"Shire of Mornington Peninsula",725263,"ROSEBUD COUNTRY CLUB","Club",3939,144.8993988,636,-38.3788
"Metro","ROSEBUD",70,"Shire of Mornington Peninsula",5740678,"ROSEBUD HOTEL","Hotel",3939,144.902298,637,-38.3567
"Metro","ROSEBUD",75,"Shire of Mornington Peninsula",2343131,"ROSEBUD RSL","Club",3939,144.9044952,638,-38.368
"Metro","CARNEGIE",103,"City of Glen Eira",8569866,"ROSSTOWN HOTEL","Hotel",3163,145.0576019,639,-37.8843
"Metro","ROXBURGH PARK",80,"City of Hume",8351035,"ROXBURGH PARK HOTEL","Hotel",3064,144.929306,640,-37.6415
"Country","TRARALGON",20,"City of Latrobe",1416703,"ROYAL EXCHANGE HOTEL","Hotel",3844,146.5355988,642,-38.1983
"Country","BENALLA",30,"Rural City of Benalla",1131407,"ROYAL HOTEL (BENALLA)","Hotel",3672,145.976593,645,-36.554
"Country","DAYLESFORD",18,"Shire of Hepburn",712965,"ROYAL HOTEL (DAYLESFORD)","Hotel",3460,144.1430969,646,-37.3418
"Metro","ESSENDON",60,"City of Moonee Valley",3758801,"ROYAL HOTEL (ESSENDON)","Hotel",3040,144.917099,647,-37.7556
"Metro","SUNBURY",31,"City of Hume",3214035,"ROYAL HOTEL (SUNBURY)","Hotel",3429,144.729599,648,-37.5802
"Metro","CHELTENHAM",76,"City of Kingston",4813271,"ROYAL OAK HOTEL","Hotel",3192,145.0641937,655,-37.9726
"Metro","RICHMOND",80,"City of Yarra",2245765,"ROYAL OAK RICHMOND","Club",3121,145.0084991,656,-37.8193
"Country","THORNTON",25,"Shire of Murrindindi",746916,"RUBICON HOTEL","Hotel",3712,145.7973938,658,-37.2555
"Metro","RYE",30,"Shire of Mornington Peninsula",1413081,"RYE HOTEL","Hotel",3941,144.8204956,661,-38.3703
"Metro","RYE",70,"Shire of Mornington Peninsula",2869805,"RYE RSL CLUB","Club",3941,144.8231049,662,-38.3718
"Country","SALE",80,"Shire of Wellington",3163204,"SALE & DISTRICT GREYHOUND RACING CLUB","Club",3850,147.0641022,663,-38.0916
"Metro","POINT COOK",70,"City of Wyndham",5700962,"SANCTUARY LAKES HOTEL","Hotel",3030,144.7534943,665,-37.8942
"Metro","MOORABBIN",82,"City of Kingston",6049102,"SANDBELT CLUB HOTEL","Hotel",3189,145.0675049,667,-37.9384
"Metro","NOBLE PARK",76,"City of Greater Dandenong",5861528,"SANDOWN PARK HOTEL","Hotel",3174,145.1723938,668,-37.9491
"Metro","SANDRINGHAM",40,"City of Bayside",2374085,"SANDRINGHAM HOTEL","Hotel",3191,145.0032959,669,-37.9512
"Metro","CARRUM DOWNS",65,"City of Frankston",5320725,"SANDS TAVERNER","Hotel",3201,145.1840057,670,-38.1005
"Metro","SEAFORD",25,"City of Frankston",814310,"SEAFORD RSL","Club",3198,145.128006,672,-38.1029
"Metro","SEAFORD",94,"City of Frankston",7446120,"SEAFORD TAVERNER","Hotel",3198,145.1555023,673,-38.1127
"Metro","NEWPORT",66,"City of Hobsons Bay",3855136,"SEAGULLS NEST","Club",3015,144.8827057,674,-37.8432
"Country","SEBASTOPOL",50,"City of Ballarat",2644565,"SEBASTOPOL BOWLING CLUB","Club",3356,143.8415985,675,-37.6002
"Country","SEYMOUR",50,"Shire of Mitchell",2003724,"SEYMOUR CLUB","Club",3660,145.1325073,676,-37.0215
"Country","BENDIGO",60,"City of Greater Bendigo",2097710,"SHAMROCK HOTEL","Hotel",3550,144.281601,678,-36.7578
"Metro","MELBOURNE",48,"City of Melbourne",1879903,"SHANGHAI CLUB","Hotel",3000,144.9656067,680,-37.8121
"Country","CORIO",77,"City of Greater Geelong",3207804,"SHELL CLUB","Club",3214,144.3601074,681,-38.0725
"Country","SHEPPARTON",56,"City of Greater Shepparton",2262753,"SHEPPARTON CLUB","Club",3630,145.3995972,682,-36.3845
"Country","SHEPPARTON",80,"City of Greater Shepparton",3397831,"SHEPPARTON RSL","Club",3630,145.3999939,683,-36.3744
"Country","SHEPPARTON",43,"City of Greater Shepparton",2206064,"SHERBOURNE TERRACE","Hotel",3630,145.4008026,684,-36.3756
"Metro","DONCASTER",87,"City of Manningham",7521826,"SHOPPINGTOWN HOTEL","Hotel",3108,145.1237946,685,-37.7849
"Metro","HEIDELBERG",65,"City of Banyule",3666245,"SIR HENRY BARKLY HOTEL","Hotel",3084,145.0675049,687,-37.7558
"Metro","AIRPORT WEST",96,"City of Moonee Valley",9770404,"SKYWAYS TAVERNER","Hotel",3042,144.8880005,689,-37.7123
"Metro","SOMERVILLE",39,"Shire of Mornington Peninsula",2978851,"SOMERVILLE HOTEL","Hotel",3912,145.1744995,690,-38.2243
"Metro","BENTLEIGH EAST",40,"City of Glen Eira",536496,"SOUTH OAKLEIGH CLUB","Club",3165,145.0756073,693,-37.9313
"Country","NORTH GEELONG",67,"City of Greater Geelong",5160557,"SPHINX ENTERTAINMENT CENTRE","Hotel",3215,144.3421936,697,-38.1259
"Country","SALE",74,"Shire of Wellington",2810176,"SPORTING LEGENDS CLUB","Club",3850,147.0675049,700,-38.1045
"Country","WENDOUREE",35,"City of Ballarat",1317773,"SPORTSPARK GAMING AND ENTERTAINMENT CENTRE","Club",3355,143.8419037,701,-37.5285
"Metro","SPRINGVALE",55,"City of Greater Dandenong",2944204,"SPRINGVALE RSL CLUB","Club",3171,145.1459961,703,-37.9462
"Metro","ST ALBANS",50,"City of Brimbank",5523393,"ST ALBANS HOTEL","Hotel",3021,144.800293,705,-37.7464
"Metro","ST ALBANS",35,"City of Brimbank",2659255,"ST ALBANS SPORTS CLUB","Club",3021,144.7765961,706,-37.7326
"Country","ST ARNAUD",35,"Shire of Northern Grampians",764252,"ST ARNAUD SPORTING CLUB","Club",3478,143.2602997,707,-36.6102
"Country","GEELONG WEST",35,"City of Greater Geelong",1832900,"ST GEORGE WORKERS CLUB","Club",3218,144.3482056,708,-38.1425
"Metro","ST KILDA",53,"City of Port Phillip",1175789,"ST KILDA ARMY & NAVY CLUB","Club",3182,144.9790955,710,-37.8674
"Metro","MOORABBIN",83,"City of Kingston",1207749,"ST KILDA FOOTBALL SOCIAL CLUB","Club",3189,145.0431061,711,-37.9373
"Metro","ROWVILLE",85,"City of Knox",6206989,"STAMFORD HOTEL","Hotel",3178,145.2319946,713,-37.9267
"Country","SALE",23,"Shire of Wellington",1020130,"STAR HOTEL (SALE)","Hotel",3850,147.065506,715,-38.109
"Country","BRIGHT",18,"Shire of Alpine",529813,"STAR HOTEL BRIGHT","Hotel",3741,146.975296,716,-36.729
"Country","STAWELL",45,"Shire of Northern Grampians",1401351,"STAWELL HARNESS RACING CLUB","Club",3380,142.7868958,718,-37.0696
"Metro","MORNINGTON",85,"Shire of Mornington Peninsula",4840456,"STEEPLES","Club",3931,145.0673065,719,-38.2388
"Country","BACCHUS MARSH",40,"Shire of Moorabool",1767828,"STONEYS CLUB","Club",3340,144.4333954,720,-37.6831
"Metro","SYDENHAM",62,"Shire of Melton",4801099,"SUGAR GUM HOTEL","Hotel",3037,144.7431946,721,-37.6926
"Metro","RESERVOIR",88,"City of Darebin",6263989,"SUMMERHILL HOTEL","Hotel",3073,145.0265961,722,-37.7253
"Metro","SUNBURY",78,"City of Hume",2008845,"SUNBURY BOWLING CLUB","Club",3429,144.7225037,723,-37.572
"Metro","SUNBURY",38,"City of Hume",942302,"SUNBURY FOOTBALL SOCIAL CLUB","Club",3429,144.7210999,724,-37.5749
"Metro","SUNBURY",40,"City of Hume",1141320,"SUNBURY UNITED SPORTING CLUB","Club",3429,144.709198,725,-37.5861
"Metro","SUNSHINE",18,"City of Brimbank",322250,"SUNSHINE CITY CLUB","Club",3020,144.824295,726,-37.7791
"Metro","SUNSHINE",60,"City of Brimbank",2058885,"SUNSHINE RSL","Club",3020,144.8374939,728,-37.7871
"Country","SWAN HILL",42,"Rural City of Swan Hill",1044414,"SWAN HILL CLUB","Club",3585,143.5605011,729,-35.3389
"Country","SWAN HILL",35,"Rural City of Swan Hill",871121,"SWAN HILL RSL","Club",3585,143.561203,730,-35.3412
"Metro","CAMPBELLFIELD",75,"City of Hume",5521116,"SYLVANIA HOTEL","Hotel",3061,144.9524994,732,-37.6737
"Metro","MELTON SOUTH",80,"Shire of Melton",4356198,"TABCORP PARK","Club",3338,144.6006012,733,-37.6933
"Metro","FITZROY",49,"City of Yarra",2675249,"TANKERVILLE ARMS HOTEL","Hotel",3065,144.9750977,735,-37.7982
"Metro","TAYLORS LAKES",105,"City of Brimbank",8296102,"TAYLORS LAKES FAMILY HOTEL","Hotel",3038,144.7998047,738,-37.7023
"Metro","LOWER TEMPLESTOWE",50,"City of Manningham",3953963,"TEMPLESTOWE HOTEL","Hotel",3107,145.1172943,741,-37.7562
"Metro","HEALESVILLE",30,"Shire of Yarra Ranges",472875,"TERMINUS HOTEL","Hotel",3777,145.5096132,743,-37.65636766
"Metro","PORT MELBOURNE",29,"City of Port Phillip",1238565,"THE BAY & BRIDGE HOTEL","Hotel",3207,144.9443054,744,-37.8369
"Metro","ALBERT PARK",32,"City of Port Phillip",1148456,"THE BEACH","Hotel",3206,144.9488068,745,-37.8475
"Country","BENDIGO",60,"City of Greater Bendigo",1450889,"THE BENDIGO CLUB","Club",3550,144.3123932,747,-36.762
"Country","EAGLEHAWK",40,"City of Greater Bendigo",1595319,"THE BOROUGH CLUB","Club",3556,144.2519989,749,-36.7179
"Metro","MORDIALLOC",50,"City of Kingston",1730855,"THE BRIDGE HOTEL","Hotel",3195,145.0879974,750,-38.01
"Metro","POINT COOK",80,"City of Wyndham",3522673,"THE BROOK ON SNEYDES","Club",3030,144.7288971,751,-37.8979
"Metro","BRUNSWICK",43,"City of Moreland",972782,"THE BRUNSWICK CLUB","Club",3056,144.960907,752,-37.7725
"Metro","CAULFIELD",50,"City of Glen Eira",3004689,"The CAMDEN TOWN HOTEL","Hotel",3162,145.0211029,805,-37.8894
"Metro","FOREST HILL",90,"City of Whitehorse",7371808,"THE CHASE HOTEL","Hotel",3131,145.1647949,754,-37.8353
"Metro","CLAYTON",35,"City of Monash",3038130,"THE CLAYTON HOTEL","Hotel",3168,145.1195068,755,-37.9243
"Metro","CAROLINE SPRINGS",0,"Shire of Melton",4289054,"THE CLUB","Club",3023,144.7418976,756,-37.7559
"Metro","CAROLINE SPRINGS",66,"Shire of Melton",461580,"THE CLUB","Club",3023,144.7418976,756,-37.7559
"Metro","RINGWOOD",0,"City of Maroondah",1668830,"THE COACH AND HORSES","Club",3134,145.2176971,758,-37.8166
"Metro","RINGWOOD",90,"City of Maroondah",287372,"THE COACH AND HORSES","Club",3134,145.2176971,758,-37.8166
"Metro","PATTERSON LAKES",53,"City of Kingston",4295027,"THE COVE HOTEL","Hotel",3197,145.1363983,760,-38.0709
"Metro","ELSTERNWICK",32,"City of Glen Eira",918292,"THE ELSTERNWICK CLUB","Club",3185,145.0041962,763,-37.8817
"Country","BENDIGO",25,"City of Greater Bendigo",1047066,"THE FOUNDRY HOTEL COMPLEX","Hotel",3555,144.2566986,764,-36.7736
"Metro","LILYDALE",80,"Shire of Yarra Ranges",2697066,"THE INTERNATIONAL","Club",3140,145.3647003,765,-37.7523
"Metro","DANDENONG",30,"City of Greater Dandenong",1183552,"THE JIM DANDY HOTEL","Hotel",3175,145.2138977,766,-37.9894
"Country","LAKES ENTRANCE",41,"Shire of East Gippsland",1482561,"THE LAKES ENTERTAINMENT CENTRE","Club",3909,147.9902039,767,-37.879
"Metro","MELBOURNE",56,"City of Melbourne",4123633,"THE MEETING PLACE","Club",3000,144.9613953,768,-37.8112
"Country","BALLARAT",24,"City of Ballarat",541824,"THE MINERS TAVERN","Hotel",3350,143.8587036,769,-37.5592
"Metro","MOONEE PONDS",50,"City of Moonee Valley",1418610,"THE MOONEE PONDS CLUB","Club",3039,144.9266968,770,-37.7714
"Country","WANGARATTA",35,"Rural City of Wangaratta",1057381,"THE OLD TOWN 'N' COUNTRY TAVERN","Hotel",3677,146.3070068,771,-36.3766
"Country","ORBOST",24,"Shire of East Gippsland",445438,"THE ORBOST CLUB","Club",3888,148.4600067,772,-37.7024
"Metro","POINT COOK",50,"City of Wyndham",3142158,"THE PHOENIX HOTEL","Hotel",3030,144.7467957,773,-37.8725
"Metro","RICHMOND",40,"City of Yarra",2511096,"THE PRINCE OF WALES HOTEL - RICHMOND","Hotel",3121,145.0001984,774,-37.8146
"Metro","PORT MELBOURNE",57,"City of Port Phillip",2565217,"THE REX","Club",3207,144.9394073,777,-37.8413
"Country","PORTLAND   TORIA",32,"Shire of Glenelg",1248005,"THE RICHMOND HENTY HOTEL, PORTLAND","Hotel",3305,141.6056061,778,-38.3476
"Metro","RICHMOND",31,"City of Yarra",1506552,"THE RICHMOND SOCIAL","Hotel",3121,144.9965057,779,-37.8253
"Metro","FERNTREE GULLY",69,"City of Knox",3319696,"THE ROYAL HOTEL FERNTREE GULLY","Hotel",3156,145.3096008,780,-37.8939
"Country","SALE",36,"Shire of Wellington",799288,"THE SALE RSL & COMMUNITY SUB-BRANCH","Club",3850,147.0688934,781,-38.0904
"Metro","CRANBOURNE",52,"City of Casey",5834539,"THE SETTLEMENT AT CRANBOURNE","Hotel",3977,145.283493,782,-38.0975
"Metro","HOPPERS CROSSING",75,"City of Wyndham",5609670,"THE TIGERS CLUBHOUSE","Club",3029,144.7062073,789,-37.8805
"Metro","MULGRAVE",55,"City of Monash",4478846,"THE VALE HOTEL","Hotel",3170,145.1548004,790,-37.9307
"Metro","WILLIAMSTOWN",60,"City of Hobsons Bay",1766655,"THE VIC INN","Club",3016,144.8972931,791,-37.8571
"Country","YARRAM",37,"Shire of Wellington",1292338,"THE YARRAM COUNTRY CLUB","Club",3971,146.6746979,792,-38.5666
"Metro","TOORADIN",46,"City of Casey",1190409,"TOORADIN & DISTRICT SPORTS CLUB","Club",3980,145.375,796,-38.2102
"Country","TORQUAY",45,"Shire of Surf Coast",1155942,"TORQUAY HOTEL","Hotel",3228,144.319397,797,-38.3382
"Metro","EAST HAWTHORN",33,"City of Boroondara",1144468,"TOWER HOTEL","Hotel",3123,145.0478973,799,-37.8258
"Country","TRARALGON",59,"City of Latrobe",2863845,"TRARALGON BOWLS CLUB","Club",3844,146.5514069,801,-38.1943
"Country","TRARALGON",37,"City of Latrobe",1338441,"TRARALGON RSL","Club",3844,146.5272064,802,-38.1929
"Metro","CRANBOURNE",75,"City of Casey",4127342,"TRIOS SPORTS CLUB","Club",3977,145.2796936,803,-38.1159
"Metro","CHELTENHAM",47,"City of Kingston",2861545,"TUDOR INN HOTEL","Hotel",3192,145.0576935,804,-37.9636
"Country","COLAC",22,"Shire of Colac-Otway",1387979,"UNION CLUB HOTEL","Hotel",3250,143.5872955,806,-38.3399
"Metro","YARRA JUNCTION",30,"Shire of Yarra Ranges",855591,"UPPER YARRA RSL","Club",3797,145.6253052,808,-37.7766
"Country","GEELONG",29,"City of Greater Geelong",838404,"VALLEY INN HOTEL","Hotel",3220,144.3586919,809,-38.1632246
"Metro","MULGRAVE",75,"City of Monash",5773538,"VEGAS AT WAVERLEY GARDENS","Club",3170,145.1893005,810,-37.9353
"Metro","BULLEEN",90,"City of Manningham",3443505,"VENETO CLUB","Club",3105,145.0778961,811,-37.7724
"Country","SHEPPARTON",40,"City of Greater Shepparton",3285478,"VICTORIA HOTEL (SHEPPARTON)","Hotel",3630,145.3993988,819,-36.3787
"Country","GISBORNE",50,"Shire of Macedon Ranges",2992057,"VICTORIAN TAVERN","Hotel",3437,144.5908966,821,-37.486
"Metro","ST KILDA",31,"City of Port Phillip",1163200,"VILLAGE BELLE HOTEL","Hotel",3182,144.9810028,822,-37.8695
"Metro","MULGRAVE",78,"City of Monash",5391524,"VILLAGE GREEN HOTEL","Hotel",3170,145.1600952,823,-37.9042
"Metro","RICHMOND",26,"City of Yarra",1912316,"VINE HOTEL RICHMOND","Hotel",3121,144.9992981,825,-37.8187
"Metro","SPRINGVALE",71,"City of Greater Dandenong",6137016,"WALTZING MATILDA HOTEL","Hotel",3171,145.1492004,827,-37.9627
"Country","WANGARATTA",25,"Rural City of Wangaratta",678533,"WANGARATTA CLUB","Club",3677,146.3265991,828,-36.354
"Country","WANGARATTA",32,"Rural City of Wangaratta",1015366,"WANGARATTA RSL","Club",3677,146.3269043,829,-36.3538
"Metro","WANTIRNA SOUTH",97,"City of Knox",2837794,"WANTIRNA CLUB","Club",3152,145.2333069,830,-37.87
"Metro","WANTIRNA",60,"City of Knox",1757169,"WANTIRNA HILL CLUB","Club",3152,145.2250061,831,-37.8467
"Country","WARRAGUL",100,"Shire of Baw Baw",2649760,"WARRAGUL CLUB","Club",3820,145.9290924,833,-38.1608
"Country","WARRAGUL",80,"Shire of Baw Baw",3505909,"WARRAGUL COUNTRY CLUB","Club",3820,145.922699,834,-38.1488
"Country","WARRNAMBOOL",40,"City of Warrnambool",1648838,"WARRNAMBOOL BOWLS CLUB","Club",3280,142.4862061,835,-38.3878
"Country","WARRNAMBOOL",40,"City of Warrnambool",1321031,"WARRNAMBOOL FOOTBALL CLUB SOCIAL CLUB","Club",3280,142.4947052,836,-38.38
"Country","WARRNAMBOOL",24,"City of Warrnambool",668158,"WARRNAMBOOL RSL","Club",3280,142.4803925,837,-38.3869
"Metro","TAYLORS LAKES",76,"City of Brimbank",8064472,"WATERGARDENS HOTEL","Hotel",3038,144.7779999,840,-37.6995
"Metro","MOONEE PONDS",70,"City of Moonee Valley",5758865,"WATERLOO CUP HOTEL","Hotel",3039,144.9057007,841,-37.7701
"Metro","WATSONIA",103,"City of Banyule",3934154,"WATSONIA RSL","Club",3087,145.0820007,842,-37.7093
"Country","WAURN PONDS",70,"City of Greater Geelong",3493277,"WAURN PONDS HOTEL","Hotel",3216,144.3106995,843,-38.2032
"Metro","GLEN WAVERLEY",67,"City of Monash",2720973,"WAVERLEY RSL CLUB","Club",3150,145.1625061,844,-37.8801
"Metro","WERRIBEE",80,"City of Wyndham",7283042,"WERRIBEE PLAZA TAVERN","Hotel",3030,144.6815033,846,-37.8763
"Metro","WERRIBEE",60,"City of Wyndham",1519498,"WERRIBEE RSL","Club",3030,144.6645966,847,-37.9005
"Metro","WEST HEIDELBERG",31,"City of Banyule",796859,"WEST HEIDELBERG RSL","Club",3081,145.0494995,849,-37.7521
"Country","HORSHAM",34,"Rural City of Horsham",1019528,"WEST SIDE HORSHAM","Club",3400,142.1869049,850,-36.7146
"Metro","CAROLINE SPRINGS",90,"Shire of Melton",7322768,"WEST WATERS HOTEL","Hotel",3023,144.7451019,852,-37.732
"Metro","SUNSHINE",78,"City of Brimbank",6051504,"WESTEND MARKET HOTEL","Hotel",3020,144.8264008,853,-37.7719
"Metro","HASTINGS",40,"Shire of Mornington Peninsula",2213502,"WESTERNPORT HOTEL","Hotel",3915,145.1929932,855,-38.3073
"Metro","WESTMEADOWS",40,"City of Hume",3119259,"WESTMEADOWS TAVERN","Hotel",3049,144.8887939,856,-37.676
"Metro","LAVERTON NORTH",70,"City of Wyndham",4947553,"WESTSIDE TAVERNER","Hotel",3026,144.7792053,857,-37.8445
"Country","WARRNAMBOOL",34,"City of Warrnambool",1496939,"WHALERS HOTEL","Hotel",3280,142.4812927,858,-38.3858
"Metro","WHEELERS HILL",40,"City of Monash",2499209,"WHEELERS HILL HOTEL","Hotel",3150,145.1894989,859,-37.9063
"Metro","WHITTLESEA",50,"City of Whittlesea",2107360,"WHITTLESEA BOWLS CLUB","Club",3757,145.1179962,861,-37.5089
"Country","KANGAROO FLAT",40,"City of Greater Bendigo",3237804,"WINDERMERE HOTEL","Hotel",3555,144.2436981,865,-36.7955
"Country","WONTHAGGI",68,"Shire of Bass Coast",2779307,"WONTHAGGI CLUB","Club",3995,145.5906067,866,-38.6056
"Country","WONTHAGGI",15,"Shire of Bass Coast",146932,"WONTHAGGI GOLF CLUB","Club",3995,145.5899963,867,-38.597
"Country","WONTHAGGI",55,"Shire of Bass Coast",2076438,"WONTHAGGI WORKMEN'S CLUB","Club",3995,145.5928955,869,-38.6062
"Metro","BULLEEN",70,"City of Manningham",2153177,"YARRA VALLEY COUNTRY CLUB","Club",3105,145.0847015,872,-37.7572
"Metro","YARRAVILLE",103,"City of Maribyrnong",3182495,"YARRAVILLE CLUB","Club",3013,144.8943939,873,-37.8176
"Metro","MAIDSTONE",76,"City of Maribyrnong",6727000,"YARRAVILLE CLUB CRICKET CLUB","Club",3012,144.8827972,874,-37.7881
"Metro","YARRAVILLE",29,"City of Maribyrnong",1253855,"YARRAVILLE-FOOTSCRAY BOWLING CLUB","Club",3013,144.8695984,875,-37.8197
"Metro","MT EVELYN",70,"Shire of Yarra Ranges",3081061,"YORK ON LILYDALE TAVERNER RESORT","Hotel",3796,145.3616943,878,-37.7953
"Metro","BORONIA",80,"City of Knox",6370212,"ZAGAME BORONIA","Hotel",3155,145.2863007,882,-37.8629
"Country","BALLARAT",105,"City of Ballarat",6716247,"ZAGAME'S BALLARAT CLUB HOTEL","Hotel",3350,143.8683014,883,-37.5821
"Metro","CAULFIELD EAST",100,"City of Glen Eira",6382157,"ZAGAME'S CAULFIELD CLUB HOTEL","Hotel",3145,145.0415955,884,-37.8758
